<?xml version="1.0" encoding="UTF-8"?>
<includes>
	<include name="DialogPanel">
		<param name="icon_visible">true</param>
		<param name="has_inner">false</param>
		<param name="close_onclick">back</param>
		<param name="ok_visible">false</param>
		<param name="more_visible">false</param>
		<param name="ondown_condition">true</param>
		<param name="ondown_condition2">false</param>
		<definition>
			<control type="image">
				<width>1500</width>
				<height>$PARAM[height]</height>
				<texture>colors/black.png</texture>
				<bordersize>1</bordersize>
				<bordertexture border="1" infill="false" colordiffuse="$VAR[ThemeBorderColor]">colors/border_frame.png</bordertexture>
				<visible>$PARAM[icon_visible]</visible>
			</control>
			<control type="image">
				<width>960</width>
				<height>$PARAM[height]</height>
				<texture>colors/black.png</texture>
				<bordersize>1</bordersize>
				<bordertexture border="1" infill="false" colordiffuse="$VAR[ThemeBorderColor]">colors/border_frame.png</bordertexture>
				<visible>!$PARAM[icon_visible]</visible>
			</control>
			<control type="label" id="$PARAM[header_id]">
				<description>Header label</description>
				<width>1345</width>
				<height>70</height>
				<font>font16_title_bold</font>
				<textoffsetx>15</textoffsetx>
				<align>left</align>
				<label>$PARAM[header_label]</label>
				<textcolor>dialogheader</textcolor>
			</control>
			<control type="grouplist" id="90000">
				<left>1245</left>
				<width>255</width>
				<align>right</align>
				<orientation>horizontal</orientation>
				<itemgap>-20</itemgap>
				<animation effect="slide" end="-540" condition="!$PARAM[icon_visible]">Conditional</animation>
				<control type="button" id="98">
					<description>More... button</description>
					<texturefocus />
					<texturenofocus />
					<width>70</width>
					<height>70</height>
					<font>IconMedium</font>
					<textcolor>grey2</textcolor>
					<shadowcolor>shadow</shadowcolor>
					<focusedcolor>$VAR[HighlightBarColor]</focusedcolor>
					<label>$VAR[DialogSettingsMoreButtonLabelVar]</label>
					<onclick>$PARAM[more_onclick]</onclick>
					<ondown condition="$PARAM[ondown_condition]">$PARAM[buttons_ondown]</ondown>
					<ondown condition="$PARAM[ondown_condition2]">$PARAM[buttons_ondown2]</ondown>
					<visible>$PARAM[more_visible]</visible>
				</control>
				<control type="button" id="95">
					<description>Ok button</description>
					<texturefocus />
					<texturenofocus />
					<width>70</width>
					<height>70</height>
					<font>IconMedium</font>
					<textcolor>grey2</textcolor>
					<shadowcolor>shadow</shadowcolor>
					<focusedcolor>$VAR[HighlightBarColor]</focusedcolor>
					<label>$VAR[DialogSettingsOkButtonLabelVar]</label>
					<onclick>$PARAM[ok_onclick]</onclick>
					<ondown condition="$PARAM[ondown_condition]">$PARAM[buttons_ondown]</ondown>
					<ondown condition="$PARAM[ondown_condition2]">$PARAM[buttons_ondown2]</ondown>
					<visible>$PARAM[ok_visible]</visible>
				</control>
				<control type="button" id="97">
					<description>Cancel button</description>
					<texturefocus />
					<texturenofocus />
					<width>70</width>
					<height>70</height>
					<font>IconMedium</font>
					<textcolor>grey2</textcolor>
					<shadowcolor>shadow</shadowcolor>
					<focusedcolor>$VAR[HighlightBarColor]</focusedcolor>
					<label></label>
					<onclick>$PARAM[close_onclick]</onclick>
					<ondown condition="$PARAM[ondown_condition]">$PARAM[buttons_ondown]</ondown>
					<ondown condition="$PARAM[ondown_condition2]">$PARAM[buttons_ondown2]</ondown>
				</control>
			</control>
			<control type="image">
				<left>1</left>
				<top>67</top>
				<width>1498</width>
				<height>1</height>
				<texture colordiffuse="grey4">separator_horizontal.png</texture>
				<visible>$PARAM[icon_visible]</visible>
			</control>
			<control type="image">
				<left>1</left>
				<top>67</top>
				<width>958</width>
				<height>1</height>
				<texture colordiffuse="grey4">separator_horizontal.png</texture>
				<visible>!$PARAM[icon_visible]</visible>
			</control>
			<control type="group">
				<visible>$PARAM[has_inner]</visible>
				<control type="image">
					<description>Dialog inner left</description>
					<left>1</left>
					<top>68</top>
					<width>970</width>
					<height>542</height>
					<texture border="1" infill="false" colordiffuse="grey4">colors/border_frame.png</texture>
				</control>
				<control type="image">
					<description>Dialog inner right</description>
					<left>970</left>
					<top>68</top>
					<width>529</width>
					<height>542</height>
					<texture border="1" infill="false" colordiffuse="grey4">colors/border_frame.png</texture>
				</control>
			</control>
		</definition>
	</include>
	<include name="VideoOSDSettings">
		<control type="button" id="90201">
			<width>1498</width>
			<label>$LOCALIZE[31577]</label>
			<label2>[COLOR $VAR[ThemeLabelColor]]$VAR[AutoHideVideoOSDLabelVar][/COLOR]</label2>
			<onclick>SetProperty(CustomSelect,autohidevideoosd,Home)</onclick>
			<onclick>ActivateWindow(1129)</onclick>
		</control>
		<control type="radiobutton" id="90202">
			<width>1498</width>
			<radioposx>1396</radioposx>
			<label>$LOCALIZE[31508]</label>
			<onclick>Skin.ToggleSetting(VideoOSDOnTop)</onclick>
			<selected>Skin.HasSetting(VideoOSDOnTop)</selected>
		</control>
		<control type="radiobutton" id="90203">
			<width>1498</width>
			<radioposx>1396</radioposx>
			<label>$LOCALIZE[31606]</label>
			<onclick>Skin.ToggleSetting(Disable.FullscreenInfoLogo)</onclick>
			<selected>!Skin.HasSetting(Disable.FullscreenInfoLogo)</selected>
			<visible>![Window.IsVisible(seekbar) + VideoPlayer.Content(LiveTV)]</visible>
		</control>
		<control type="radiobutton" id="90204">
			<width>1498</width>
			<radioposx>1396</radioposx>
			<label>$LOCALIZE[20021]</label>
			<onclick>Skin.ToggleSetting(Disable.FullscreenPoster)</onclick>
			<selected>!Skin.HasSetting(Disable.FullscreenPoster)</selected>
			<visible>![Window.IsVisible(seekbar) + VideoPlayer.Content(LiveTV)]</visible>
		</control>
		<control type="radiobutton" id="90205">
			<width>1498</width>
			<radioposx>1396</radioposx>
			<label>   - $LOCALIZE[31609]</label>
			<onclick>Skin.ToggleSetting(Disable.FullscreenDiscart)</onclick>
			<selected>!Skin.HasSetting(Disable.FullscreenDiscart)</selected>
			<visible>!Skin.HasSetting(Disable.FullscreenPoster)</visible>
			<visible>![Window.IsVisible(seekbar) + VideoPlayer.Content(LiveTV)]</visible>
		</control>
		<control type="radiobutton" id="90206">
			<width>1498</width>
			<radioposx>1396</radioposx>
			<label>$LOCALIZE[31605]</label>
			<onclick>Skin.ToggleSetting(SwapFullscreenInfo)</onclick>
			<selected>Skin.HasSetting(SwapFullscreenInfo)</selected>
			<visible>Skin.HasSetting(Disable.FullscreenPoster)</visible>
			<visible>![Window.IsVisible(seekbar) + VideoPlayer.Content(LiveTV)]</visible>
		</control>
		<control type="radiobutton" id="90207">
			<width>1498</width>
			<radioposx>1396</radioposx>
			<label>$LOCALIZE[31586]</label>
			<onclick>Skin.ToggleSetting(CleanPauseScreen)</onclick>
			<selected>Skin.HasSetting(CleanPauseScreen)</selected>
		</control>
		<control type="radiobutton" id="90208">
			<width>1498</width>
			<radioposx>1396</radioposx>
			<label>$LOCALIZE[31437]</label>
			<onclick>Skin.ToggleSetting(PausedLabel)</onclick>
			<selected>Skin.HasSetting(PausedLabel)</selected>
			<visible>!Skin.HasSetting(CleanPauseScreen)</visible>
		</control>
		<control type="radiobutton" id="90209">
			<width>1498</width>
			<radioposx>1396</radioposx>
			<label>$LOCALIZE[31351]</label>
			<onclick>Skin.ToggleSetting(Disable.Netflix.Pause)</onclick>
			<selected>!Skin.HasSetting(Disable.Netflix.Pause)</selected>
			<visible>![Window.IsVisible(seekbar) + VideoPlayer.Content(LiveTV)]</visible>
		</control>
		<control type="button" id="90210">
			<width>1498</width>
			<label>$LOCALIZE[31224]</label>
			<label2>[COLOR $VAR[ThemeLabelColor]]$VAR[OSDRightLabelOnClickLabelVar][/COLOR]</label2>
			<onclick>$VAR[OSDRightLabelOnClickVar]</onclick>
			<visible>![Window.IsVisible(seekbar) + VideoPlayer.Content(LiveTV)]</visible>
		</control>
		<control type="radiobutton" id="90211">
			<width>1498</width>
			<radioposx>1396</radioposx>
			<label>$LOCALIZE[31266]</label>
			<onclick>Skin.ToggleSetting(Disable.PlayerControlButtons)</onclick>
			<selected>Skin.HasSetting(Disable.PlayerControlButtons)</selected>
		</control>
		<control type="radiobutton" id="90212">
			<width>1498</width>
			<radioposx>1396</radioposx>
			<label>$LOCALIZE[31513]</label>
			<onclick>Skin.ToggleSetting(Enable.AddonInfo)</onclick>
			<selected>Skin.HasSetting(Enable.AddonInfo)</selected>
		</control>
	</include>
	<include name="MusicOSDSettings">
		<control type="button" id="90201">
			<width>1498</width>
			<label>$LOCALIZE[31577]</label>
			<label2>[COLOR $VAR[ThemeLabelColor]]$VAR[AutoHideMusicOSDLabelVar][/COLOR]</label2>
			<onclick>SetProperty(CustomSelect,autohidemusicosd,Home)</onclick>
			<onclick>ActivateWindow(1129)</onclick>
		</control>
		<control type="button" id="90218">
			<description>Background Button</description>
			<width>1498</width>
			<label>$LOCALIZE[31102]:</label>
			<label2>[COLOR $VAR[ThemeLabelColor]]$VAR[VizBackgroundLabelVar][/COLOR]</label2>
			<onclick>SetProperty(CustomSelect,musicvizbackground,Home)</onclick>
			<onclick>ActivateWindow(1129)</onclick>
		</control>
		<control type="button" id="90202">
			<description>Artist Slideshow Settings Button</description>
			<width>1498</width>
			<label>   - $INFO[System.AddonTitle(script.artistslideshow)] $LOCALIZE[5]</label>
			<onclick>Addon.OpenSettings(script.artistslideshow)</onclick>
			<visible>String.IsEqual(Skin.String(Viz.Background),3) + System.AddonIsEnabled(script.artistslideshow)</visible>
		</control>
		<control type="button" id="90203">
			<description>Artist Slideshow Settings Button</description>
			<width>1498</width>
			<label>   - $LOCALIZE[31438]</label>
			<onclick condition="!System.HasAddon(script.artistslideshow)">InstallAddon(script.artistslideshow)</onclick>
			<onclick condition="!System.AddonIsEnabled(script.artistslideshow)">EnableAddon(script.artistslideshow)</onclick>
			<visible>String.IsEqual(Skin.String(Viz.Background),3) + [!System.HasAddon(script.artistslideshow) | !System.AddonIsEnabled(script.artistslideshow)]</visible>
		</control>
		<control type="button" id="90204">
			<description>CU Lyrics Settings</description>
			<width>1498</width>
			<label>$INFO[System.AddonTitle(script.cu.lrclyrics),, $LOCALIZE[5]]</label>
			<onclick>Addon.OpenSettings(script.cu.lrclyrics)</onclick>
			<visible>System.HasAddon(script.cu.lrclyrics) + System.AddonIsEnabled(script.cu.lrclyrics)</visible>
		</control>
		<control type="radiobutton" id="90205">
			<description>Hide Player Controls</description>
			<width>1498</width>
			<radioposx>1396</radioposx>
			<label>$LOCALIZE[31266]</label>
			<onclick>Skin.ToggleSetting(Disable.MusicPlayerControlButtons)</onclick>
			<selected>Skin.HasSetting(Disable.MusicPlayerControlButtons)</selected>
		</control>
		<control type="radiobutton" id="90206">
			<description>Disable logo</description>
			<width>1498</width>
			<radioposx>1396</radioposx>
			<label>$LOCALIZE[31606]</label>
			<onclick>Skin.ToggleSetting(Disable.MusicVizLogo)</onclick>
			<selected>!Skin.HasSetting(Disable.MusicVizLogo)</selected>
		</control>
		<control type="radiobutton" id="90207">
			<description>Background Button</description>
			<width>1498</width>
			<radioposx>1396</radioposx>
			<label>$LOCALIZE[31129]</label>
			<onclick>Skin.ToggleSetting(HideVisualizationFanart)</onclick>
			<selected>Skin.HasSetting(HideVisualizationFanart)</selected>
			<enable>Visualisation.Enabled + ![String.IsEqual(Visualisation.Name,waveform) | String.IsEqual(Visualisation.Name,opengl spectrum) | String.IsEqual(Visualisation.Name,directx spectrum)]</enable>
		</control>
		<control type="radiobutton" id="90208">
			<description>Time/Date Button</description>
			<width>1498</width>
			<radioposx>1396</radioposx>
			<label>$LOCALIZE[31267]</label>
			<onclick>Skin.ToggleSetting(Disable.MusicVizTime)</onclick>
			<selected>Skin.HasSetting(Disable.MusicVizTime)</selected>
		</control>
		<control type="radiobutton" id="90209">
			<description>Big Ass Label Button</description>
			<width>1498</width>
			<radioposx>1396</radioposx>
			<label>$LOCALIZE[31042]</label>
			<onclick>Skin.ToggleSetting(BigAssLabel)</onclick>
			<selected>Skin.HasSetting(BigAssLabel)</selected>
		</control>
		<control type="button" id="90210">
			<description>Artist Info Button</description>
			<width>1498</width>
			<label>$LOCALIZE[31108]</label>
			<label2>[COLOR $VAR[ThemeLabelColor]]$VAR[VizArtistInfoVar][/COLOR]</label2>
			<onclick condition="!Skin.HasSetting(Enable.VizInfo) + !Skin.HasSetting(Enable.VizPersistent)">Skin.SetBool(Enable.VizInfo)</onclick>
			<onclick condition="Skin.HasSetting(Enable.VizInfo)">Skin.SetBool(Enable.VizPersistent)</onclick>
			<onclick condition="Skin.HasSetting(Enable.VizInfo)">Skin.Reset(Enable.VizInfo)</onclick>
			<onclick condition="Skin.HasSetting(Enable.VizPersistent)">Skin.Reset(Enable.VizPersistent)</onclick>
			<visible>System.HasAddon(script.artistslideshow) + System.AddonIsEnabled(script.artistslideshow)</visible>
		</control>
		<control type="radiobutton" id="90211">
			<width>1498</width>
			<radioposx>1396</radioposx>
			<label>$LOCALIZE[31971]</label>
			<onclick condition="!Skin.HasSetting(hidevizbehindfanart) + !Skin.HasSetting(WarnedOnHidingViz)">SetProperty(NotWarnedOnHidingViz,True,Home)</onclick>
			<onclick condition="!Skin.HasSetting(hidevizbehindfanart) + !Skin.HasSetting(WarnedOnHidingViz)">ActivateWindow(1126)</onclick>
			<onclick condition="Skin.HasSetting(hidevizbehindfanart) | Skin.HasSetting(WarnedOnHidingViz)">Skin.ToggleSetting(hidevizbehindfanart)</onclick>
			<selected>Skin.HasSetting(hidevizbehindfanart)</selected>
		</control>
		<control type="button" id="90212">
			<width>1498</width>
			<label>$LOCALIZE[31187]</label>
			<label2>[COLOR $VAR[ThemeLabelColor]]$VAR[MusicVizLayoutLabelVar][/COLOR]</label2>
			<onclick>$VAR[MusicVizLayoutOnclickVar]</onclick>
		</control>
		<control type="radiobutton" id="90213">
			<description>Hide album</description>
			<width>1498</width>
			<radioposx>1396</radioposx>
			<label>$LOCALIZE[31268]</label>
			<onclick>Skin.ToggleSetting(HideMusicVizAlbum)</onclick>
			<selected>Skin.HasSetting(HideMusicVizAlbum)</selected>
			<visible>!String.IsEqual(Skin.String(MusicVizLayout),2)</visible>
		</control>
		<control type="radiobutton" id="90214">
			<description>Hide CD</description>
			<width>1498</width>
			<radioposx>1396</radioposx>
			<label>$LOCALIZE[31347]</label>
			<onclick>Skin.ToggleSetting(HideMusicVizCD)</onclick>
			<selected>Skin.HasSetting(HideMusicVizCD)</selected>
			<visible>!String.IsEqual(Skin.String(MusicVizLayout),2)</visible>
		</control>
		<control type="radiobutton" id="90215">
			<width>1498</width>
			<radioposx>1396</radioposx>
			<label>$LOCALIZE[31235]</label>
			<onclick>Skin.ToggleSetting(SlideMusicLabelsLeft)</onclick>
			<selected>Skin.HasSetting(SlideMusicLabelsLeft)</selected>
			<visible>[Skin.HasSetting(HideMusicVizAlbum) | Skin.HasSetting(HideMusicVizCD)] + String.IsEqual(Skin.String(MusicVizLayout),1)</visible>
		</control>
		<control type="radiobutton" id="90216">
			<width>1498</width>
			<radioposx>1396</radioposx>
			<label>$LOCALIZE[31236]</label>
			<onclick>Skin.ToggleSetting(SlideMusicLabelsRight)</onclick>
			<selected>Skin.HasSetting(SlideMusicLabelsRight)</selected>
			<visible>[Skin.HasSetting(HideMusicVizAlbum) | Skin.HasSetting(HideMusicVizCD)] + String.IsEmpty(Skin.String(MusicVizLayout))</visible>
		</control>
		<control type="radiobutton" id="90217">
			<width>1498</width>
			<radioposx>1396</radioposx>
			<label>$LOCALIZE[31269]</label>
			<onclick>Skin.ToggleSetting(Disable.MusicPlayerNextTrack)</onclick>
			<selected>Skin.HasSetting(Disable.MusicPlayerNextTrack)</selected>
			<visible>String.IsEqual(Skin.String(MusicVizLayout),1)</visible>
		</control>
	</include>
	<include name="VideoInfoSettings">
		<control type="radiobutton" id="90201">
			<width>1498</width>
			<radioposx>1396</radioposx>
			<label>$LOCALIZE[31487]</label>
			<onclick>Skin.ToggleSetting(MoreVideoInfoDetails)</onclick>
			<selected>Skin.HasSetting(MoreVideoInfoDetails)</selected>
		</control>
		<control type="radiobutton" id="90202">
			<width>1498</width>
			<radioposx>1396</radioposx>
			<label>$LOCALIZE[31494]</label>
			<onclick>Skin.ToggleSetting(Disable.VideoInfoPathDetails)</onclick>
			<selected>Skin.HasSetting(Disable.VideoInfoPathDetails)</selected>
		</control>
		<control type="radiobutton" id="90213">
			<width>1498</width>
			<radioposx>1396</radioposx>
			<label>$LOCALIZE[31623]</label>
			<onclick>Skin.ToggleSetting(Disable.VideoInfoLanguageDetails)</onclick>
			<selected>Skin.HasSetting(Disable.VideoInfoLanguageDetails)</selected>
		</control>
		<control type="button" id="90203">
			<width>1498</width>
			<label>$LOCALIZE[31931]</label>
			<label2>[COLOR $VAR[ThemeLabelColor]]$VAR[VideoPlotLocalizeVar][/COLOR]</label2>
			<onclick>Skin.ToggleSetting(VideoInfoPlotToggle)</onclick>
		</control>
		<control type="radiobutton" id="90204">
			<width>1498</width>
			<radioposx>1396</radioposx>
			<label>$LOCALIZE[31541]</label>
			<onclick>Skin.ToggleSetting(SetInfoPlotToggle)</onclick>
			<selected>!Skin.HasSetting(SetInfoPlotToggle)</selected>
			<visible>System.AddonIsEnabled(script.skin.info.service)</visible>
		</control>
		<control type="button" id="90205">
			<width>1498</width>
			<label>$LOCALIZE[31990]</label>
			<label2>[COLOR $VAR[ThemeLabelColor]]$VAR[CinemaVisionButtonLabelVar][/COLOR]</label2>
			<onclick>$VAR[CinemaVisionButtonOnClickVar]</onclick>
			<visible>System.AddonIsEnabled(script.preshowexperience)</visible>
		</control>
		<control type="radiobutton" id="90206">
			<width>1498</width>
			<radioposx>1396</radioposx>
			<onclick>Skin.ToggleSetting(Enable.ExtendedInfoIntergration)</onclick>
			<onclick>Dialog.Close(1119)</onclick>
			<onclick>Dialog.Close(movieinformation)</onclick>
			<selected>Skin.HasSetting(Enable.ExtendedInfoIntergration)</selected>
			<label>$LOCALIZE[31127] ($LOCALIZE[342])</label>
			<visible>System.AddonIsEnabled(script.embuary.helper)</visible>
		</control>
		<control type="radiobutton" id="90207">
			<width>1498</width>
			<radioposx>1396</radioposx>
			<onclick>Skin.ToggleSetting(Enable.ExtendedInfoTVIntergration)</onclick>
			<onclick>Dialog.Close(1119)</onclick>
			<onclick>Dialog.Close(movieinformation)</onclick>
			<selected>Skin.HasSetting(Enable.ExtendedInfoTVIntergration)</selected>
			<label>$LOCALIZE[31127] ($LOCALIZE[20343])</label>
			<visible>System.AddonIsEnabled(script.embuary.helper)</visible>
		</control>
		<control type="radiobutton" id="90208">
			<width>1498</width>
			<radioposx>1396</radioposx>
			<onclick condition="System.AddonIsEnabled(script.embuary.helper) + !Skin.HasSetting(Enable.BlurredVideoInfo)">Dialog.Close(1119)</onclick>
			<onclick condition="System.AddonIsEnabled(script.embuary.helper) + !Skin.HasSetting(Enable.BlurredVideoInfo) + !Window.IsActive(musicinformation)">Dialog.Close(movieinformation)</onclick>
			<onclick condition="System.AddonIsEnabled(script.embuary.helper) + !Skin.HasSetting(Enable.BlurredVideoInfo) + Window.IsActive(music) + !String.IsEqual(ListItem.DBTYPE,song)">Dialog.Close(musicinformation)</onclick>
			<onclick condition="System.AddonIsEnabled(script.embuary.helper) + !Skin.HasSetting(Enable.BlurredVideoInfo) + Window.IsActive(music) + String.IsEqual(ListItem.DBTYPE,song)">Dialog.Close(songinformation)</onclick>
			<onclick condition="System.AddonIsEnabled(script.embuary.helper)">Skin.ToggleSetting(Enable.BlurredVideoInfo)</onclick>
			<selected>Skin.HasSetting(Enable.BlurredVideoInfo)</selected>
			<label>$LOCALIZE[31174]</label>
			<visible>System.AddonIsEnabled(script.embuary.helper)</visible>
		</control>
		<control type="button" id="90209">
			<width>1498</width>
			<label>$LOCALIZE[31442]</label>
			<label2>[COLOR $VAR[ThemeLabelColor]]$VAR[DialogInfoDimmerLabelVar][/COLOR]</label2>
			<onclick>SetProperty(CustomSelect,dialoginfodimmer,Home)</onclick>
			<onclick>ActivateWindow(1129)</onclick>
			<visible>!Skin.HasSetting(Enable.BlurredVideoInfo)</visible>
		</control>
		<control type="radiobutton" id="90210">
			<width>1498</width>
			<radioposx>1396</radioposx>
			<onclick>Skin.ToggleSetting(discartoninfo)</onclick>
			<selected>Skin.HasSetting(discartoninfo)</selected>
			<label>$LOCALIZE[31601]</label>
		</control>
		<control type="radiobutton" id="90211">
			<width>1498</width>
			<radioposx>1396</radioposx>
			<onclick>Skin.ToggleSetting(CharacterOnInfo)</onclick>
			<selected>Skin.HasSetting(CharacterOnInfo)</selected>
			<label>$LOCALIZE[31507]</label>
		</control>
		<control type="radiobutton" id="90212">
			<width>1498</width>
			<radioposx>1396</radioposx>
			<onclick>Skin.ToggleSetting(TMDbHelper.HideBudgetRevenue)</onclick>
			<selected>Skin.HasSetting(TMDbHelper.HideBudgetRevenue)</selected>
			<label>$LOCALIZE[31596]</label>
			<visible>System.AddonIsEnabled(plugin.video.themoviedb.helper)</visible>
		</control>
	</include>
	<include name="LiveTVSettings">
		<!-- GUIDE TIMELINE SETTINGS -->
		<control type="label" id="90202">
			<width>1498</width>
			<height>60</height>
			<textoffsetx>15</textoffsetx>
			<font>font13_title</font>
			<label>$LOCALIZE[31131]</label>
			<textcolor>$VAR[ThemeLabelColor]</textcolor>
		</control>
		<control type="button" id="90201">
			<description>Guide timeline view type</description>
			<width>1498</width>
			<label>$LOCALIZE[31134]</label>
			<label2>[COLOR $VAR[ThemeLabelColor]]$VAR[GuideTimelineViewTypeOptionsLabelVar][/COLOR]</label2>
			<onclick>$VAR[GuideTimelineViewTypeOptionsClickVar]</onclick>
			<include condition="Window.IsActive(tvguide)">ReloadWindowOnClick</include>
		</control>
		<control type="button" id="90203">
			<description>Guide logos</description>
			<width>1498</width>
			<label>$LOCALIZE[31606]</label>
			<label2>[COLOR $VAR[ThemeLabelColor]]$VAR[GuideLogoOptionsLabelVar][/COLOR]</label2>
			<onclick>SetProperty(CustomSelect,pvrguidelogos,Home)</onclick>
			<onclick>ActivateWindow(1129)</onclick>
		</control>
		<control type="radiobutton" id="90204">
			<width>1498</width>
			<radioposx>1396</radioposx>
			<label>$LOCALIZE[31395]</label>
			<onclick>Skin.ToggleSetting(Enable.PVRGenreColors)</onclick>
			<selected>Skin.HasSetting(Enable.PVRGenreColors)</selected>
		</control>
		<!-- INFOBAR SETTINGS -->
		<control type="label" id="90205">
			<width>1498</width>
			<height>60</height>
			<textoffsetx>15</textoffsetx>
			<font>font13_title</font>
			<label>$LOCALIZE[31135]</label>
			<textcolor>$VAR[ThemeLabelColor]</textcolor>
		</control>
		<control type="radiobutton" id="90206">
			<width>1498</width>
			<radioposx>1396</radioposx>
			<label>$LOCALIZE[31512]</label>
			<onclick>Skin.ToggleSetting(Enable.RecordingInfo)</onclick>
			<selected>Skin.HasSetting(Enable.RecordingInfo)</selected>
		</control>
		<control type="button" id="90207">
			<description>Infobar types</description>
			<width>1498</width>
			<label>$LOCALIZE[31136]</label>
			<label2>[COLOR $VAR[ThemeLabelColor]]$VAR[LiveTvInfobarTypeOptionsLabelVar][/COLOR]</label2>
			<onclick>$VAR[LiveTvInfobarTypeOptionsClickVar]</onclick>
		</control>
		<control type="radiobutton" id="90208">
			<width>1498</width>
			<radioposx>1396</radioposx>
			<label>$LOCALIZE[31137]</label>
			<onclick>Skin.ToggleSetting(infobar_hidetencrypt)</onclick>
			<selected>Skin.HasSetting(infobar_hidetencrypt)</selected>
			<visible>!String.IsEqual(Skin.String(LiveTV.InfobarType),1)</visible>
		</control>
		<control type="radiobutton" id="90209">
			<width>1498</width>
			<radioposx>1396</radioposx>
			<label>$LOCALIZE[31138]</label>
			<onclick>Skin.ToggleSetting(infobar_hidetuners)</onclick>
			<selected>Skin.HasSetting(infobar_hidetuners)</selected>
			<visible>!String.IsEqual(Skin.String(LiveTV.InfobarType),1)</visible>
		</control>
		<control type="radiobutton" id="90210">
			<width>1498</width>
			<radioposx>1396</radioposx>
			<label>$LOCALIZE[31139]</label>
			<onclick>Skin.ToggleSetting(infobar_hidesignalinfo)</onclick>
			<selected>Skin.HasSetting(infobar_hidesignalinfo)</selected>
			<visible>!String.IsEqual(Skin.String(LiveTV.InfobarType),1)</visible>
		</control>
		<!-- SIDEBLADE SETTINGS -->
		<control type="label" id="90211">
			<width>1498</width>
			<height>60</height>
			<textoffsetx>15</textoffsetx>
			<font>font13_title</font>
			<label>$LOCALIZE[31140]</label>
			<textcolor>$VAR[ThemeLabelColor]</textcolor>
		</control>
		<control type="radiobutton" id="90212">
			<width>1498</width>
			<radioposx>1396</radioposx>
			<label>$LOCALIZE[31570]</label>
			<onclick>Skin.ToggleSetting(Disable.PVRChannels)</onclick>
			<selected>Skin.HasSetting(Disable.PVRChannels)</selected>
		</control>
		<control type="radiobutton" id="90213">
			<width>1498</width>
			<radioposx>1396</radioposx>
			<label>$LOCALIZE[31141]</label>
			<onclick>Skin.ToggleSetting(Disable.PVRGuide)</onclick>
			<selected>Skin.HasSetting(Disable.PVRGuide)</selected>
		</control>
		<control type="radiobutton" id="90214">
			<width>1498</width>
			<radioposx>1396</radioposx>
			<label>$LOCALIZE[31143]</label>
			<onclick>Skin.ToggleSetting(Disable.PVRRecordings)</onclick>
			<selected>Skin.HasSetting(Disable.PVRRecordings)</selected>
		</control>
		<control type="radiobutton" id="90215">
			<width>1498</width>
			<radioposx>1396</radioposx>
			<label>$LOCALIZE[31144]</label>
			<onclick>Skin.ToggleSetting(Disable.PVRTimer)</onclick>
			<selected>Skin.HasSetting(Disable.PVRTimer)</selected>
		</control>
		<control type="radiobutton" id="90216">
			<width>1498</width>
			<radioposx>1396</radioposx>
			<label>$LOCALIZE[31145]</label>
			<onclick>Skin.ToggleSetting(Disable.PVRSearch)</onclick>
			<selected>Skin.HasSetting(Disable.PVRSearch)</selected>
		</control>
	</include>
</includes>