<?xml version="1.0" encoding="UTF-8"?>
<window id="1114" type="dialog">
	<onload>SetFocus(90201)</onload>
	<onunload condition="!Skin.HasSetting(BlurEnabled) + String.IsEqual(Skin.String(Viz.Background),4) + String.IsEqual(Window(Home).Property(DialogSettings),musicosd)">Skin.ToggleSetting(BlurEnabled)</onunload>
	<onunload condition="!Skin.HasSetting(BlurEnabled) + String.IsEqual(Skin.String(Viz.Background),4) + String.IsEqual(Window(Home).Property(DialogSettings),musicosd) + System.AddonIsEnabled(script.embuary.helper)">RunScript(script.embuary.helper,action=restartservice)</onunload>
	<onunload condition="String.IsEqual(Window(Home).Property(DialogSettings),livetv) + !Window.IsActive(skinsettings)">SetFocus(50)</onunload>
	<onunload>ClearProperty(DialogSettings,Home)</onunload>
	<controls>
		<include>DimBackground</include>
		<control type="group">
			<include>DialogOpenCloseAnimation</include>
			<left>210</left>
			<top>180</top>
			<visible>!Window.IsVisible(1129)</visible>
			<animation effect="fade" time="250">Visible</animation>
			<animation effect="fade" time="150">Hidden</animation>
			<include content="DialogPanel">
				<param name="height">730</param>
				<param name="header_label">$VAR[DialogSettingsHeaderVar]</param>
				<param name="buttons_ondown">90200</param>
			</include>
			<control type="grouplist" id="90200">
				<left>1</left>
				<top>68</top>
				<width>1498</width>
				<height>660</height>
				<pagecontrol>6</pagecontrol>
				<onup>90200</onup>
				<ondown>90200</ondown>
				<onleft>97</onleft>
				<onright condition="Control.IsVisible(6)">6</onright>
				<onright condition="!Control.IsVisible(6)">97</onright>
				<include condition="String.IsEqual(Window(Home).Property(DialogSettings),videoosd)">VideoOSDSettings</include>
				<include condition="String.IsEqual(Window(Home).Property(DialogSettings),musicosd)">MusicOSDSettings</include>
				<include condition="String.IsEqual(Window(Home).Property(DialogSettings),videoinfo)">VideoInfoSettings</include>
				<include condition="String.IsEqual(Window(Home).Property(DialogSettings),livetv)">LiveTVSettings</include>
			</control>
			<control type="scrollbar" id="6">
				<left>1491</left>
				<top>68</top>
				<width>8</width>
				<height>660</height>
				<onleft>90200</onleft>
				<onright>97</onright>
				<texturesliderbackground>colors/black.png</texturesliderbackground>
				<texturesliderbar>colors/white25.png</texturesliderbar>
				<texturesliderbarfocus colordiffuse="$VAR[ThemeLabelColor]">colors/white.png</texturesliderbarfocus>
				<showonepage>false</showonepage>
			</control>
		</control>
	</controls>
</window>