<?xml version="1.0" encoding="UTF-8"?>
<window>
	<onload condition="!System.AddonIsEnabled(plugin.video.themoviedb.helper) + System.AddonIsEnabled(script.embuary.helper) + Skin.HasSetting(Enable.BlurredVideoInfo)">RunScript(script.embuary.helper,action=blurimg,file=$INFO[ListItem.Icon],prop=MyProp,radius=10)</onload>
	<onload condition="System.AddonIsEnabled(plugin.video.themoviedb.helper) + Skin.HasSetting(Enable.BlurredVideoInfo)">RunScript(plugin.video.themoviedb.helper,blur_image='"$VAR[PosterVar]"')</onload>
	<onload>SetFocus(9003)</onload>
	<onload condition="String.IsEmpty(ListItem.SongVideoURL)">SetFocus(5010)</onload>
	<onload condition="!String.IsEmpty(ListItem.SongVideoURL)">SetFocus(5000)</onload>
	<controls>
		<control type="group">
			<animation effect="slide" start="-729,0" end="0,0" time="320" tween="quadratic" condition="!Skin.HasSetting(Enable.BlurredVideoInfo)">WindowOpen</animation>
			<animation effect="slide" start="-729,0" end="0,0" delay="250" time="320" tween="quadratic" condition="Skin.HasSetting(Enable.BlurredVideoInfo)">WindowOpen</animation>
			<animation effect="slide" end="-729,0" time="500" tween="quadratic">WindowClose</animation>
			<control type="image">
				<width>729</width>
				<height>1080</height>
				<texture>colors/black.png</texture>
			</control>
			<control type="image">
				<width>729</width>
				<height>729</height>
				<aspectratio aligny="top">keep</aspectratio>
				<texture background="true">$VAR[ArtworkDiscVar]</texture>
				<visible>String.IsEqual(ListItem.DBTYPE,album) | String.IsEqual(ListItem.DBTYPE,song)</visible>
			</control>
			<control type="image">
				<left>20</left>
				<width>689</width>
				<height>351</height>
				<aspectratio align="center" aligny="center">keep</aspectratio>
				<texture background="true">$VAR[ArtworkLogoVar]</texture>
				<visible>String.IsEqual(ListItem.DBTYPE,artist) | [[String.IsEqual(ListItem.DBTYPE,album) | String.IsEqual(ListItem.DBTYPE,song)] + String.IsEmpty(ListItem.Art(discart)) + String.IsEmpty(ListItem.Art(album.discart))]</visible>
			</control>
			<control type="image">
				<top>351</top>
				<width>729</width>
				<height>729</height>
				<fadetime>IconCrossfadeTime</fadetime>
				<aspectratio scalediffuse="false" aligny="bottom">scale</aspectratio>
				<texture background="true" fallback="DefaultAlbumCover.png">$VAR[MusicInfoIconVar]</texture>
			</control>
		</control>
		<control type="group">
			<animation effect="slide" start="1242,0" end="0,0" time="320" tween="quadratic" condition="!Skin.HasSetting(Enable.BlurredVideoInfo)">WindowOpen</animation>
			<animation effect="slide" start="1242,0" end="0,0" delay="250" time="320" tween="quadratic" condition="Skin.HasSetting(Enable.BlurredVideoInfo)">WindowOpen</animation>
			<animation effect="slide" end="1242,0" time="500" tween="quadratic">WindowClose</animation>
			<left>729</left>
			<control type="group">
				<width>1200</width>
				<height>100%</height>
				<control type="image">
					<texture>colors/black.png</texture>
				</control>
				<control type="image">
					<aspectratio align="center">scale</aspectratio>
					<texture background="true">$VAR[DialogInfoBackgroundVar]</texture>
				</control>
				<control type="image">
					<texture border="4">dialogs/info/info_rightpaneltop.png</texture>
					<colordiffuse>$VAR[DialogInfoDimmerVar]</colordiffuse>
				</control>
			</control>
			<control type="group">
				<left>15</left>
				<width>1042</width>
				<height>854</height>
				<control type="grouplist">
					<top>-10</top>
					<width>1100</width>
					<height>110</height>
					<align>center</align>
					<visible>String.IsEqual(ListItem.DBTYPE,artist)</visible>
					<control type="label">
						<width>1100</width>
						<height>60</height>
						<font>font30_title_bold</font>
						<textcolor>grey</textcolor>
						<scroll>true</scroll>
						<label>$INFO[ListItem.Artist]</label>
					</control>
					<control type="label">
						<width>1100</width>
						<height>30</height>
						<font>font15</font>
						<textcolor>$VAR[ThemeLabelColor]</textcolor>
						<scroll>true</scroll>
						<label>$INFO[Container(9050).NumItems,, $LOCALIZE[132]]</label>
						<visible>[String.IsEmpty(ListItem.Property(Artist_Sortname)) | String.IsEqual(ListItem.Property(Artist_Sortname),ListItem.Artist)] + String.IsEmpty(ListItem.Property(Artist_Disambiguation))</visible>
					</control>
					<control type="fadelabel">
						<height>30</height>
						<align>left</align>
						<aligny>center</aligny>
						<font>font15</font>
						<textcolor>$VAR[ThemeLabelColor]</textcolor>
						<scroll>true</scroll>
						<scrollout>false</scrollout>
						<pauseatend>4000</pauseatend>
						<label>$INFO[Container(9050).NumItems,, $LOCALIZE[132]]</label>
						<label>$INFO[ListItem.Property(Artist_Disambiguation)]</label>
						<visible>!String.IsEqual(ListItem.DBTYPE,song)</visible>
						<visible>[String.IsEmpty(ListItem.Property(Artist_Sortname)) | String.IsEqual(ListItem.Property(Artist_Sortname),ListItem.Artist)] + !String.IsEmpty(ListItem.Property(Artist_Disambiguation))</visible>
					</control>
					<control type="fadelabel">
						<height>30</height>
						<align>left</align>
						<aligny>center</aligny>
						<font>font15</font>
						<textcolor>$VAR[ThemeLabelColor]</textcolor>
						<scroll>true</scroll>
						<scrollout>false</scrollout>
						<pauseatend>4000</pauseatend>
						<label>$INFO[Container(9050).NumItems,, $LOCALIZE[132]]</label>
						<label>$INFO[ListItem.Property(Artist_Sortname)]</label>
						<label>$INFO[ListItem.Property(Artist_Disambiguation)]</label>
						<visible>!String.IsEqual(ListItem.DBTYPE,song)</visible>
						<visible>!String.IsEmpty(ListItem.Property(Artist_Sortname)) + !String.IsEqual(ListItem.Property(Artist_Sortname),ListItem.Artist)</visible>
					</control>
				</control>
				<control type="grouplist">
					<top>-10</top>
					<width>1100</width>
					<height>110</height>
					<align>center</align>
					<visible>String.IsEqual(ListItem.DBTYPE,album)</visible>
					<control type="label">
						<width>1100</width>
						<height>60</height>
						<font>font30_title_bold</font>
						<textcolor>grey</textcolor>
						<scroll>true</scroll>
						<label>$INFO[ListItem.Album]</label>
					</control>
					<control type="label">
						<width>1100</width>
						<height>30</height>
						<font>font15</font>
						<textcolor>$VAR[ThemeLabelColor]</textcolor>
						<scroll>true</scroll>
						<label>$INFO[ListItem.Artist]</label>
						<visible>!String.IsEmpty(ListItem.Artist)</visible>
					</control>
				</control>
				<control type="grouplist">
					<top>-10</top>
					<width>1100</width>
					<height>110</height>
					<align>center</align>
					<visible>String.IsEqual(ListItem.DBTYPE,song)</visible>
					<control type="label">
						<width>1100</width>
						<height>60</height>
						<font>font30_title_bold</font>
						<textcolor>grey</textcolor>
						<scroll>true</scroll>
						<label>$INFO[ListItem.Title]</label>
					</control>
					<control type="label">
						<width>1100</width>
						<height>30</height>
						<font>font15</font>
						<textcolor>$VAR[ThemeLabelColor]</textcolor>
						<scroll>true</scroll>
						<label>$INFO[ListItem.Artist]</label>
						<visible>!String.IsEmpty(ListItem.Artist)</visible>
					</control>
				</control>
				<control type="image">
					<left>-11</left>
					<top>99</top>
					<width>1188</width>
					<height>1</height>
					<texture colordiffuse="$VAR[ThemeLabelColor]">separator_horizontal.png</texture>
				</control>
				<control type="grouplist">
					<top>90</top>
					<width>1188</width>
					<height>85</height>
					<orientation>horizontal</orientation>
					<usecontrolcoords>true</usecontrolcoords>
					<control type="label">
						<width>auto</width>
						<height>90</height>
						<label>$INFO[ListItem.Property(Artist_YearsActive),[B][LOWERCASE],  [/LOWERCASE][/B]]</label>
						<font>font35_title</font>
						<textcolor>grey</textcolor>
						<visible>!String.IsEmpty(ListItem.Property(Artist_YearsActive)) + String.IsEqual(ListItem.DBTYPE,artist)</visible>
					</control>
					<control type="label">
						<width>140</width>
						<height>90</height>
						<label>$INFO[ListItem.Year]</label>
						<font>font35_title_bold</font>
						<textcolor>grey</textcolor>
						<visible>!String.IsEmpty(ListItem.Year) + !String.IsEqual(ListItem.DBTYPE,artist)</visible>
					</control>
					<control type="group">
						<visible>Integer.IsGreater(Container(50).NumItems,0) + String.IsEqual(ListItem.DBTYPE,album)</visible>
						<width>160</width>
						<control type="label">
							<top>2</top>
							<height>60</height>
							<align>center</align>
							<font>font48_bold</font>
							<textcolor>grey</textcolor>
							<label>$INFO[Container(50).NumItems]</label>
						</control>
						<control type="label">
							<top>52</top>
							<height>30</height>
							<align>center</align>
							<font>font12</font>
							<textcolor>grey</textcolor>
							<label>[LOWERCASE]$LOCALIZE[182][/LOWERCASE]</label>
						</control>
					</control>
					<control type="group">
						<width>160</width>
						<visible>!String.IsEmpty(ListItem.Property(Album_Label))</visible>
						<control type="image" id="800011">
							<top>14</top>
							<width>160</width>
							<height>66</height>
							<include>MediaFlagValues</include>
							<texture>$INFO[ListItem.Property(Album_Label),resource://resource.images.recordlabels.white/,.png]</texture>
						</control>
						<control type="label">
							<width>155</width>
							<height>90</height>
							<align>center</align>
							<font>font10</font>
							<textcolor>grey</textcolor>
							<wrapmultiline>true</wrapmultiline>
							<label>$INFO[ListItem.Property(Album_Label)]</label>
							<visible>String.IsEmpty(Control.GetLabel(800011))</visible>
						</control>
					</control>
					<control type="grouplist">
						<width>925</width>
						<orientation>horizontal</orientation>
						<itemgap>8</itemgap>
						<control type="grouplist">
							<visible>!String.IsEmpty(ListItem.UserRating)</visible>
							<width>100</width>
							<orientation>horizontal</orientation>
							<control type="image">
								<width>42</width>
								<height>85</height>
								<aspectratio>keep</aspectratio>
								<texture colordiffuse="$VAR[ThemeLabelColor]">favourites.png</texture>
								<animation effect="fade" end="67" condition="true">Conditional</animation>
							</control>
							<control type="label">
								<height>90</height>
								<width>auto</width>
								<font>font48_bold</font>
								<textcolor>grey</textcolor>
								<label>$INFO[ListItem.UserRating]</label>
							</control>
						</control>
					</control>
				</control>
				<control type="image">
					<left>-11</left>
					<top>175</top>
					<width>1188</width>
					<height>1</height>
					<texture colordiffuse="$VAR[ThemeLabelColor]">separator_horizontal.png</texture>
				</control>
				<control type="button" id="64">
					<left>-12</left>
					<top>176</top>
					<width>1198</width>
					<height>352</height>
					<include>ButtonInfoDialogsCommonValues</include>
					<onunfocus>ClearProperty(MoreInfoTitle,musicinformation)</onunfocus>
					<onunfocus>ClearProperty(MoreInfoContent,musicinformation)</onunfocus>
					<onunfocus>ClearProperty(MoreInfoTitle,songinformation)</onunfocus>
					<onunfocus>ClearProperty(MoreInfoContent,songinformation)</onunfocus>
					<onclick>SetFocus(300)</onclick>
					<onleft>SetFocus(300)</onleft>
					<onright>SetFocus(300)</onright>
					<onup>SetFocus(300)</onup>
					<ondown>SetFocus(300)</ondown>
				</control>
				<control type="panel" id="300">
					<left>-11</left>
					<top>172</top>
					<height>360</height>
					<width>1196</width>
					<ondown>9000</ondown>
					<orientation>horizontal</orientation>
					<visible allowhiddenfocus="true">!Control.HasFocus(64)</visible>
					<include>VisibleFadeAnimation</include>
					<scrolltime tween="quadratic" easing="out">200</scrolltime>
					<itemlayout height="72" width="598" condition="Integer.IsGreater(Container(300).NumItems,5)">
						<control type="label">
							<width>598</width>
							<height>67</height>
							<font>font15</font>
							<textcolor>$VAR[ThemeLabelColor]</textcolor>
							<label>$INFO[ListItem.Label2,, ]$INFO[ListItem.Label,[COLOR grey], [/COLOR]]</label>
							<textoffsetx>20</textoffsetx>
						</control>
					</itemlayout>
					<focusedlayout height="72" width="598" condition="Integer.IsGreater(Container(300).NumItems,5)">
						<control type="image">
							<top>5</top>
							<width>598</width>
							<height>62</height>
							<texture colordiffuse="$VAR[HighlightBarColor]" border="4">listselect_fo.png</texture>
							<visible>Control.HasFocus(300)</visible>
							<include>VisibleFadeAnimation</include>
						</control>
						<control type="label">
							<width>598</width>
							<height>67</height>
							<font>font15</font>
							<label>$INFO[ListItem.Label2,, ]$INFO[ListItem.Label]</label>
							<animation effect="fade" start="100" end="70" time="300" tween="sine" easing="inout" condition="!Control.HasFocus(300)">Conditional</animation>
							<textoffsetx>20</textoffsetx>
						</control>
					</focusedlayout>
					<itemlayout height="72" width="1196" condition="Integer.Isless(Container(300).NumItems,6)">
						<control type="label">
							<width>1196</width>
							<height>67</height>
							<font>font15</font>
							<textcolor>$VAR[ThemeLabelColor]</textcolor>
							<label>$INFO[ListItem.Label2,, ]$INFO[ListItem.Label,[COLOR grey], [/COLOR]]</label>
							<textoffsetx>20</textoffsetx>
						</control>
					</itemlayout>
					<focusedlayout height="72" width="1196" condition="Integer.Isless(Container(300).NumItems,6)">
						<control type="image">
							<top>5</top>
							<width>1195</width>
							<height>62</height>
							<texture colordiffuse="$VAR[HighlightBarColor]" border="4">listselect_fo.png</texture>
							<visible>Control.HasFocus(300)</visible>
							<include>VisibleFadeAnimation</include>
						</control>
						<control type="label">
							<width>1196</width>
							<height>67</height>
							<font>font15</font>
							<label>$INFO[ListItem.Label2,, ]$INFO[ListItem.Label]</label>
							<animation effect="fade" start="100" end="70" time="300" tween="sine" easing="inout" condition="!Control.HasFocus(300)">Conditional</animation>
							<textoffsetx>20</textoffsetx>
						</control>
					</focusedlayout>
					<content>
						<item>
							<label>$INFO[ListItem.AlbumStatus]</label>
							<label2>$LOCALIZE[126]:</label2>
							<onclick>SetProperty(MoreInfoTitle,$LOCALIZE[126])</onclick>
							<onclick>SetProperty(MoreInfoContent,$ESCINFO[ListItem.AlbumStatus])</onclick>
							<onclick>SetFocus(64)</onclick>
							<visible>!String.IsEmpty(ListItem.AlbumStatus)</visible>
						</item>
						<item>
							<label>$INFO[ListItem.Title]</label>
							<label2>$LOCALIZE[369]:</label2>
							<onclick>SetProperty(MoreInfoTitle,$LOCALIZE[369])</onclick>
							<onclick>SetProperty(MoreInfoContent,$ESCINFO[ListItem.Title])</onclick>
							<onclick>SetFocus(64)</onclick>
							<visible>!String.IsEmpty(ListItem.Title) + ![String.IsEqual(ListItem.DBTYPE,song) | String.IsEqual(ListItem.DBTYPE,album)]</visible>
						</item>
						<item>
							<label>$INFO[ListItem.AlbumArtist]</label>
							<label2>$LOCALIZE[566]:</label2>
							<onclick>SetProperty(MoreInfoTitle,$LOCALIZE[566])</onclick>
							<onclick>SetProperty(MoreInfoContent,$ESCINFO[ListItem.AlbumArtist])</onclick>
							<onclick>SetFocus(64)</onclick>
							<visible>!String.IsEmpty(ListItem.AlbumArtist) + !String.IsEqual(ListItem.AlbumArtist,ListItem.Artist)</visible>
						</item>
						<item>
							<label>$INFO[ListItem.TrackNumber]</label>
							<label2>$LOCALIZE[554] #:</label2>
							<onclick>SetProperty(MoreInfoTitle,$LOCALIZE[554])</onclick>
							<onclick>SetProperty(MoreInfoContent,$ESCINFO[ListItem.TrackNumber])</onclick>
							<onclick>SetFocus(64)</onclick>
							<visible>!String.IsEmpty(ListItem.TrackNumber) + String.IsEqual(ListItem.DBTYPE,song) + !Integer.IsEqual(ListItem.TrackNumber,0)</visible>
						</item>
						<item>
							<label>$INFO[ListItem.Duration]</label>
							<label2>$LOCALIZE[180]:</label2>
							<onclick>SetProperty(MoreInfoTitle,$LOCALIZE[180])</onclick>
							<onclick>SetProperty(MoreInfoContent,$ESCINFO[ListItem.Duration])</onclick>
							<onclick>SetFocus(64)</onclick>
							<visible>!String.IsEmpty(ListItem.Duration)</visible>
						</item>
						<item>
							<label>$INFO[ListItem.BitRate]</label>
							<label2>$LOCALIZE[623]:</label2>
							<onclick>SetProperty(MoreInfoTitle,$LOCALIZE[623])</onclick>
							<onclick>SetProperty(MoreInfoContent,$ESCINFO[ListItem.BitRate])</onclick>
							<onclick>SetFocus(64)</onclick>
							<visible>!String.IsEmpty(ListItem.BitRate)</visible>
						</item>
						<item>
							<label>$INFO[ListItem.SampleRate]</label>
							<label2>$LOCALIZE[613]:</label2>
							<onclick>SetProperty(MoreInfoTitle,$LOCALIZE[613])</onclick>
							<onclick>SetProperty(MoreInfoContent,$ESCINFO[ListItem.SampleRate])</onclick>
							<onclick>SetFocus(64)</onclick>
							<visible>!String.IsEmpty(ListItem.SampleRate)</visible>
						</item>
						<item>
							<label>$INFO[ListItem.MusicChannels]</label>
							<label2>$LOCALIZE[10127]:</label2>
							<onclick>SetProperty(MoreInfoTitle,$LOCALIZE[10127])</onclick>
							<onclick>SetProperty(MoreInfoContent,$ESCINFO[ListItem.MusicChannels])</onclick>
							<onclick>SetFocus(64)</onclick>
							<visible>!String.IsEmpty(ListItem.MusicChannels)</visible>
						</item>
						<item>
							<label>$INFO[ListItem.Property(Artist_Type)]</label>
							<label2>$LOCALIZE[467]:</label2>
							<onclick>SetProperty(MoreInfoTitle,$LOCALIZE[467])</onclick>
							<onclick>SetProperty(MoreInfoContent,$ESCINFO[ListItem.Property(Artist_Type)])</onclick>
							<onclick>SetFocus(64)</onclick>
							<visible>!String.IsEmpty(ListItem.Property(Artist_Type))</visible>
						</item>
						<item>
							<label>$INFO[ListItem.Property(Artist_Gender)]</label>
							<label2>$LOCALIZE[39025]:</label2>
							<onclick>SetProperty(MoreInfoTitle,$LOCALIZE[39025])</onclick>
							<onclick>SetProperty(MoreInfoContent,$ESCINFO[ListItem.Property(Artist_Gender)])</onclick>
							<onclick>SetFocus(64)</onclick>
							<visible>!String.IsEmpty(ListItem.Property(Artist_Gender))</visible>
						</item>
						<item>
							<label>$INFO[ListItem.Property(Artist_Died)]</label>
							<label2>$LOCALIZE[21897]:</label2>
							<onclick>SetProperty(MoreInfoTitle,$LOCALIZE[21897])</onclick>
							<onclick>SetProperty(MoreInfoContent,$ESCINFO[ListItem.Property(Artist_Died)])</onclick>
							<onclick>SetFocus(64)</onclick>
							<visible>!String.IsEmpty(ListItem.Property(Artist_Died))</visible>
						</item>
						<item>
							<label>$INFO[ListItem.Property(Artist_Formed)]</label>
							<label2>$LOCALIZE[21894]:</label2>
							<onclick>SetProperty(MoreInfoTitle,$LOCALIZE[21894])</onclick>
							<onclick>SetProperty(MoreInfoContent,$ESCINFO[ListItem.Property(Artist_Formed)])</onclick>
							<onclick>SetFocus(64)</onclick>
							<visible>!String.IsEmpty(ListItem.Property(Artist_Formed))</visible>
						</item>
						<item>
							<label>$INFO[ListItem.Property(Artist_Disbanded)]</label>
							<label2>$LOCALIZE[21896]:</label2>
							<onclick>SetProperty(MoreInfoTitle,$LOCALIZE[21896])</onclick>
							<onclick>SetProperty(MoreInfoContent,$ESCINFO[ListItem.Property(Artist_Disbanded)])</onclick>
							<onclick>SetFocus(64)</onclick>
							<visible>!String.IsEmpty(ListItem.Property(Artist_Disbanded))</visible>
						</item>
						<item>
							<label>$INFO[ListItem.Property(Artist_Born)]</label>
							<label2>$LOCALIZE[21893]:</label2>
							<onclick>SetProperty(MoreInfoTitle,$LOCALIZE[21893])</onclick>
							<onclick>SetProperty(MoreInfoContent,$ESCINFO[ListItem.Property(Artist_Born)])</onclick>
							<onclick>SetFocus(64)</onclick>
							<visible>!String.IsEmpty(ListItem.Property(Artist_Born))</visible>
						</item>
						<item>
							<label>$INFO[ListItem.Property(Artist_YearsActive)]</label>
							<label2>$LOCALIZE[21898]:</label2>
							<onclick>SetProperty(MoreInfoTitle,$LOCALIZE[21898])</onclick>
							<onclick>SetProperty(MoreInfoContent,$ESCINFO[ListItem.Property(Artist_YearsActive)])</onclick>
							<onclick>SetFocus(64)</onclick>
							<visible>!String.IsEmpty(ListItem.Property(Artist_YearsActive)) + !String.IsEqual(ListItem.DBTYPE,artist)</visible>
						</item>
						<item>
							<label>$INFO[ListItem.Property(Artist_Instrument)]</label>
							<label2>$LOCALIZE[21892]:</label2>
							<onclick>SetProperty(MoreInfoTitle,$LOCALIZE[21892])</onclick>
							<onclick>SetProperty(MoreInfoContent,$ESCINFO[ListItem.Property(Artist_Instrument)])</onclick>
							<onclick>SetFocus(64)</onclick>
							<visible>!String.IsEmpty(ListItem.Property(Artist_Instrument))</visible>
						</item>
						<item>
							<label>$INFO[ListItem.Property(Artist_Style)]</label>
							<label2>$LOCALIZE[176]:</label2>
							<onclick>SetProperty(MoreInfoTitle,$LOCALIZE[175])</onclick>
							<onclick>SetProperty(MoreInfoContent,$ESCINFO[ListItem.Property(Artist_Style)])</onclick>
							<onclick>SetFocus(64)</onclick>
							<visible>!String.IsEmpty(ListItem.Property(Artist_Style)) + String.IsEqual(ListItem.DBTYPE,artist)</visible>
						</item>
						<item>
							<label>$INFO[ListItem.Property(Album_Style)]</label>
							<label2>$LOCALIZE[176]:</label2>
							<onclick>SetProperty(MoreInfoTitle,$LOCALIZE[176])</onclick>
							<onclick>SetProperty(MoreInfoContent,$ESCINFO[ListItem.Property(Album_Style)])</onclick>
							<onclick>SetFocus(64)</onclick>
							<visible>!String.IsEmpty(ListItem.Property(Album_Style))</visible>
						</item>
						<item>
							<label>$INFO[ListItem.Property(Album_Theme)]</label>
							<label2>$LOCALIZE[21895]:</label2>
							<onclick>SetProperty(MoreInfoTitle,$LOCALIZE[21895])</onclick>
							<onclick>SetProperty(MoreInfoContent,$ESCINFO[ListItem.Property(Album_Theme)])</onclick>
							<onclick>SetFocus(64)</onclick>
							<visible>!String.IsEmpty(ListItem.Property(Album_Theme))</visible>
						</item>
						<item>
							<label>$INFO[ListItem.Property(Album_Type)]</label>
							<label2>$LOCALIZE[467]:</label2>
							<onclick>SetProperty(MoreInfoTitle,$LOCALIZE[467])</onclick>
							<onclick>SetProperty(MoreInfoContent,$ESCINFO[ListItem.Property(Album_Type)])</onclick>
							<onclick>SetFocus(64)</onclick>
							<visible>!String.IsEmpty(ListItem.Property(Album_Type))</visible>
						</item>
						<item>
							<label>$INFO[ListItem.Genre]</label>
							<label2>$LOCALIZE[515]:</label2>
							<onclick>SetProperty(MoreInfoTitle,$LOCALIZE[515])</onclick>
							<onclick>SetProperty(MoreInfoContent,$ESCINFO[ListItem.Genre])</onclick>
							<onclick>SetFocus(64)</onclick>
							<visible>!String.IsEmpty(ListItem.Genre) + !String.IsEqual(ListItem.DBTYPE,song) + !String.Contains(ListItem.Property(Artist_Style),ListItem.Genre)</visible>
						</item>
						<item>
							<label>$INFO[ListItem.Property(Artist_Mood)]</label>
							<label2>$LOCALIZE[175]:</label2>
							<onclick>SetProperty(MoreInfoTitle,$LOCALIZE[175])</onclick>
							<onclick>SetProperty(MoreInfoContent,$ESCINFO[ListItem.Property(Artist_Mood)])</onclick>
							<onclick>SetFocus(64)</onclick>
							<visible>!String.IsEmpty(ListItem.Property(Artist_Mood)) + !String.IsEqual(ListItem.DBTYPE,song)</visible>
						</item>
						<item>
							<label>$INFO[ListItem.Property(Album_Mood)]</label>
							<label2>$LOCALIZE[175]:</label2>
							<onclick>SetProperty(MoreInfoTitle,$LOCALIZE[175])</onclick>
							<onclick>SetProperty(MoreInfoContent,$ESCINFO[ListItem.Property(Album_Mood)])</onclick>
							<onclick>SetFocus(64)</onclick>
							<visible>!String.IsEmpty(ListItem.Property(Album_Mood))</visible>
						</item>
						<item>
							<label>$INFO[ListItem.DateAdded]</label>
							<label2>$LOCALIZE[570]:</label2>
							<onclick>SetProperty(MoreInfoTitle,$LOCALIZE[570])</onclick>
							<onclick>SetProperty(MoreInfoContent,$ESCINFO[ListItem.DateAdded])</onclick>
							<onclick>SetFocus(64)</onclick>
							<visible>!String.IsEmpty(ListItem.DateAdded)</visible>
						</item>
						<item>
							<label>$INFO[ListItem.PlayCount]</label>
							<label2>$LOCALIZE[567]:</label2>
							<onclick>SetProperty(MoreInfoTitle,$LOCALIZE[567])</onclick>
							<onclick>SetProperty(MoreInfoContent,$ESCINFO[ListItem.PlayCount])</onclick>
							<onclick>SetFocus(64)</onclick>
							<visible>!String.IsEmpty(ListItem.PlayCount)</visible>
						</item>
						<item>
							<label>$INFO[ListItem.LastPlayed]</label>
							<label2>$LOCALIZE[568]:</label2>
							<onclick>SetProperty(MoreInfoTitle,$LOCALIZE[568])</onclick>
							<onclick>SetProperty(MoreInfoContent,$ESCINFO[ListItem.LastPlayed])</onclick>
							<onclick>SetFocus(64)</onclick>
							<visible>!String.IsEmpty(ListItem.LastPlayed)</visible>
						</item>
						<item>
							<label>$INFO[ListItem.Property(Role.Composer)]</label>
							<label2>$LOCALIZE[29903]:</label2>
							<onclick>SetProperty(MoreInfoTitle,$LOCALIZE[29903])</onclick>
							<onclick>SetProperty(MoreInfoContent,$ESCINFO[ListItem.Property(Role.Composer)])</onclick>
							<onclick>SetFocus(64)</onclick>
							<visible>!String.IsEmpty(ListItem.Property(Role.Composer))</visible>
						</item>
						<item>
							<label>$INFO[ListItem.Property(Role.Conductor)]</label>
							<label2>$LOCALIZE[29905]:</label2>
							<onclick>SetProperty(MoreInfoTitle,$LOCALIZE[29905])</onclick>
							<onclick>SetProperty(MoreInfoContent,$ESCINFO[ListItem.Property(Role.Conductor)])</onclick>
							<onclick>SetFocus(64)</onclick>
							<visible>!String.IsEmpty(ListItem.Property(Role.Conductor))</visible>
						</item>
						<item>
							<label>$INFO[ListItem.Property(Role.Orchestra)]</label>
							<label2>$LOCALIZE[38034]:</label2>
							<onclick>SetProperty(MoreInfoTitle,$LOCALIZE[38034])</onclick>
							<onclick>SetProperty(MoreInfoContent,$ESCINFO[ListItem.Property(Role.Orchestra)])</onclick>
							<onclick>SetFocus(64)</onclick>
							<visible>!String.IsEmpty(ListItem.Property(Role.Orchestra))</visible>
						</item>
						<item>
							<label>$INFO[ListItem.Property(Role.Lyricist)]</label>
							<label2>$LOCALIZE[38035]:</label2>
							<onclick>SetProperty(MoreInfoTitle,$LOCALIZE[29903])</onclick>
							<onclick>SetProperty(MoreInfoContent,$ESCINFO[ListItem.Property(Role.Lyricist)])</onclick>
							<onclick>SetFocus(64)</onclick>
							<visible>!String.IsEmpty(ListItem.Property(Role.Lyricist))</visible>
						</item>
						<item>
							<label>$INFO[ListItem.Property(Role.Remixer)]</label>
							<label2>$LOCALIZE[38036]:</label2>
							<onclick>SetProperty(MoreInfoTitle,$LOCALIZE[38036])</onclick>
							<onclick>SetProperty(MoreInfoContent,$ESCINFO[ListItem.Property(Role.Remixer)])</onclick>
							<onclick>SetFocus(64)</onclick>
							<visible>!String.IsEmpty(ListItem.Property(Role.Remixer))</visible>
						</item>
						<item>
							<label>$INFO[ListItem.Property(Role.Arranger)]</label>
							<label2>$LOCALIZE[38037]:</label2>
							<onclick>SetProperty(MoreInfoTitle,$LOCALIZE[38037])</onclick>
							<onclick>SetProperty(MoreInfoContent,$ESCINFO[ListItem.Property(Role.Arranger)])</onclick>
							<onclick>SetFocus(64)</onclick>
							<visible>!String.IsEmpty(ListItem.Property(Role.Arranger))</visible>
						</item>
						<item>
							<label>$INFO[ListItem.Property(Role.Engineer)]</label>
							<label2>$LOCALIZE[38038]:</label2>
							<onclick>SetProperty(MoreInfoTitle,$LOCALIZE[38038])</onclick>
							<onclick>SetProperty(MoreInfoContent,$ESCINFO[ListItem.Property(Role.Engineer)])</onclick>
							<onclick>SetFocus(64)</onclick>
							<visible>!String.IsEmpty(ListItem.Property(Role.Engineer))</visible>
						</item>
						<item>
							<label>$INFO[ListItem.Property(Role.Producer)]</label>
							<label2>$LOCALIZE[38039]:</label2>
							<onclick>SetProperty(MoreInfoTitle,$LOCALIZE[38039])</onclick>
							<onclick>SetProperty(MoreInfoContent,$ESCINFO[ListItem.Property(Role.Producer)])</onclick>
							<onclick>SetFocus(64)</onclick>
							<visible>!String.IsEmpty(ListItem.Property(Role.Producer))</visible>
						</item>
						<item>
							<label>$INFO[ListItem.Property(Role.DJMixer)]</label>
							<label2>$LOCALIZE[38040]:</label2>
							<onclick>SetProperty(MoreInfoTitle,$LOCALIZE[38040])</onclick>
							<onclick>SetProperty(MoreInfoContent,$ESCINFO[ListItem.Property(Role.DJMixer)])</onclick>
							<onclick>SetFocus(64)</onclick>
							<visible>!String.IsEmpty(ListItem.Property(Role.DJMixer))</visible>
						</item>
						<item>
							<label>$INFO[ListItem.Property(Role.Mixer)]</label>
							<label2>$LOCALIZE[38041]:</label2>
							<onclick>SetProperty(MoreInfoTitle,$LOCALIZE[38041])</onclick>
							<onclick>SetProperty(MoreInfoContent,$ESCINFO[ListItem.Property(Role.Mixer)])</onclick>
							<onclick>SetFocus(64)</onclick>
							<visible>!String.IsEmpty(ListItem.Property(Role.Mixer))</visible>
						</item>
						<item>
							<label>$INFO[ListItem.Comment]</label>
							<label2>$LOCALIZE[21806]:</label2>
							<onclick>SetProperty(MoreInfoTitle,$LOCALIZE[21806])</onclick>
							<onclick>SetProperty(MoreInfoContent,$ESCINFO[ListItem.Comment])</onclick>
							<onclick>SetFocus(64)</onclick>
							<visible>!String.IsEmpty(ListItem.Comment)</visible>
						</item>
						<item>
							<label>$INFO[ListItem.Path]</label>
							<label2>$LOCALIZE[573]:</label2>
							<onclick>SetProperty(MoreInfoTitle,$LOCALIZE[573])</onclick>
							<onclick>SetProperty(MoreInfoContent,$ESCINFO[ListItem.Path])</onclick>
							<onclick>SetFocus(64)</onclick>
							<visible>!String.IsEmpty(ListItem.Path) + String.IsEqual(ListItem.DBTYPE,song) + !Skin.HasSetting(Disable.VideoInfoPathDetails)</visible>
						</item>
						<item>
							<label>$INFO[ListItem.Filename]</label>
							<label2>$LOCALIZE[21800]:</label2>
							<onclick>SetProperty(MoreInfoTitle,$LOCALIZE[573])</onclick>
							<onclick>SetProperty(MoreInfoContent,$ESCINFO[ListItem.Filename])</onclick>
							<onclick>SetFocus(64)</onclick>
							<visible>!String.IsEmpty(ListItem.Filename) + String.IsEqual(ListItem.DBTYPE,song) + !Skin.HasSetting(Disable.VideoInfoPathDetails)</visible>
						</item>
					</content>
				</control>
				<control type="group">
					<visible>Control.HasFocus(64)</visible>
					<left>-36</left>
					<top>172</top>
					<include>VisibleFadeAnimation</include>
					<control type="label">
						<left>30</left>
						<top>32</top>
						<width>1160</width>
						<height>40</height>
						<font>font30_title</font>
						<align>center</align>
						<textcolor>$VAR[ThemeLabelColor]</textcolor>
						<label>$INFO[Window(musicinformation).Property(MoreInfoTitle)]$INFO[Window(songinformation).Property(MoreInfoTitle)]</label>
					</control>
					<control type="textbox">
						<left>30</left>
						<top>90</top>
						<width>1160</width>
						<height>300</height>
						<font>font16_textbox</font>
						<align>center</align>
						<pagecontrol>61</pagecontrol>
						<label>$INFO[Window(musicinformation).Property(MoreInfoContent)]$INFO[Window(songinformation).Property(MoreInfoContent)]</label>
					</control>
				</control>
				<control type="image">
					<left>-11</left>
					<top>526</top>
					<width>1188</width>
					<height>1</height>
					<texture colordiffuse="$VAR[ThemeLabelColor]">separator_horizontal.png</texture>
				</control>
				<control type="image">
					<left>-11</left>
					<top>588</top>
					<width>1188</width>
					<height>1</height>
					<texture colordiffuse="$VAR[ThemeLabelColor]">separator_horizontal.png</texture>
				</control>
				<control type="button">
					<left>-43</left>
					<top>338</top>
					<width>25</width>
					<height>25</height>
					<texturefocus flipx="true" colordiffuse="grey">arrowright2.png</texturefocus>
					<texturenofocus flipx="true" colordiffuse="grey">arrowright2.png</texturenofocus>
					<visible>Container(300).HasPrevious</visible>
					<animation effect="fade" start="100" end="0" time="0" condition="Container(300).OnPrevious">Conditional</animation>
					<include>VisibleFadeAnimation</include>
				</control>
				<control type="button">
					<left>1133</left>
					<top>338</top>
					<width>25</width>
					<height>25</height>
					<texturefocus colordiffuse="grey">arrowright2.png</texturefocus>
					<texturenofocus colordiffuse="grey">arrowright2.png</texturenofocus>
					<visible>Container(300).HasNext</visible>
					<animation effect="fade" start="100" end="0" time="0" condition="Container(300).OnNext">Conditional</animation>
					<include>VisibleFadeAnimation</include>
				</control>
				<control type="group">
					<left>-36</left>
					<top>11</top>
					<control type="button" id="210">
						<top>516</top>
						<width>634</width>
						<texturenofocus />
						<disabledcolor>grey</disabledcolor>
						<font>font30_title</font>
						<align>left</align>
						<textoffsetx>36</textoffsetx>
						<include>ButtonInfoDialogsCommonValues</include>
						<label>[B]$VAR[VideoInfoButtonLabelVar][/B]</label>
						<enable>no</enable>
						<visible>!ControlGroup(9001).HasFocus | ControlGroup(9001).HasFocus(9003)</visible>
					</control>
					<control type="button">
						<top>516</top>
						<width>974</width>
						<texturenofocus />
						<disabledcolor>grey</disabledcolor>
						<font>font15_bold</font>
						<align>left</align>
						<textoffsetx>36</textoffsetx>
						<include>ButtonInfoDialogsCommonValues</include>
						<label>$VAR[DialogInfoDetailsLabelVar]</label>
						<enable>no</enable>
						<visible>ControlGroup(9001).HasFocus + !Control(9003).HasFocus</visible>
					</control>
					<control type="grouplist" id="9000">
						<left>620</left>
						<top>517</top>
						<width>594</width>
						<height>60</height>
						<onleft>9000</onleft>
						<onright>9000</onright>
						<onup>300</onup>
						<ondown>9001</ondown>
						<align>right</align>
						<orientation>horizontal</orientation>
						<control type="button" id="5000">
							<font>IconMediumMD</font>
							<width>70</width>
							<texturenofocus />
							<include>ButtonInfoDialogsCommonValues</include>
							<label></label>
							<onclick>Dialog.Close(all,true)</onclick>
							<onclick>PlayMedia($INFO[ListItem.SongVideoURL])</onclick>
							<visible>!String.IsEmpty(ListItem.SongVideoURL)</visible>
						</control>
						<control type="button" id="5010">
							<font>IconMediumMD</font>
							<width>70</width>
							<texturenofocus />
							<include>ButtonInfoDialogsCommonValues</include>
							<label></label>
							<onclick>SendClick(10)</onclick>
							<enable>!Skin.HasSetting(KioskMode.Enabled)</enable>
						</control>
						<control type="togglebutton" id="5012">
							<font>IconMediumMD</font>
							<width>70</width>
							<texturenofocus />
							<alttexturenofocus />
							<include>ButtonInfoDialogsCommonValues</include>
							<label></label>
							<altlabel></altlabel>
							<usealttexture>String.IsEqual(ListItem.DBTYPE,song)</usealttexture>
							<onclick>SendClick(12)</onclick>
							<enable>!Skin.HasSetting(KioskMode.Enabled)</enable>
							<visible>Control.IsVisible(12)</visible>
						</control>
						<control type="togglebutton" id="5007">
							<description>Set rating</description>
							<font>IconMediumMD</font>
							<width>70</width>
							<include>ButtonInfoDialogsCommonValues</include>
							<texturenofocus />
							<alttexturenofocus />
							<label></label>
							<altlabel></altlabel>
							<onclick>SendClick(7)</onclick>
							<usealttexture>!String.IsEmpty(ListItem.UserRating)</usealttexture>
						</control>
						<control type="button" id="5006">
							<description>Refresh</description>
							<font>IconMediumMD</font>
							<width>70</width>
							<texturenofocus />
							<include>ButtonInfoDialogsCommonValues</include>
							<label></label>
							<onclick>SendClick(6)</onclick>
							<enable>!Skin.HasSetting(KioskMode.Enabled)</enable>
						</control>
						<control type="button" id="208">
							<description>Extras</description>
							<font>IconMediumMD</font>
							<width>68</width>
							<texturenofocus />
							<include>ButtonInfoDialogsCommonValues</include>
							<label></label>
							<onclick>ActivateWindow(1119)</onclick>
							<enable>!Skin.HasSetting(KioskMode.Enabled)</enable>
						</control>
					</control>
				</control>
			</control>
			<control type="grouplist" id="9001">
				<left>5</left>
				<top>589</top>
				<width>1190</width>
				<height>490</height>
				<onup>9000</onup>
				<ondown>noop</ondown>
				<scrolltime tween="quadratic" easing="out">300</scrolltime>
				<control type="group" id="9002">
					<width>1190</width>
					<height>510</height>
					<control type="button" id="9003">
						<description>FS Plot</description>
						<texturenofocus />
						<width>1186</width>
						<height>510</height>
						<label />
						<onup>9000</onup>
						<ondown condition="!String.IsEqual(ListItem.DBTYPE,artist)">50</ondown>
						<ondown condition="String.IsEqual(ListItem.DBTYPE,artist)">9050</ondown>
						<include>ButtonInfoDialogsCommonValues</include>
						<onclick condition="String.IsEqual(ListItem.DBTYPE,artist) | String.IsEqual(ListItem.DBTYPE,album) | String.IsEqual(ListItem.DBTYPE,song)">SetProperty(TextViewerHeader,$ESCINFO[ListItem.Artist,[B],[/B]],Home)</onclick>
						<onclick condition="String.IsEqual(ListItem.DBTYPE,album) | String.IsEqual(ListItem.DBTYPE,song)">SetProperty(TextViewerSubHeader,$ESCINFO[ListItem.Album,[I],[/I]],Home)</onclick>
						<onclick condition="String.IsEqual(ListItem.DBTYPE,album)">SetProperty(TextViewerContent,$ESCINFO[ListItem.Property(Album_Description)],Home)</onclick>
						<onclick condition="String.IsEqual(ListItem.DBTYPE,artist) | String.IsEqual(ListItem.DBTYPE,song)">SetProperty(TextViewerContent,$ESCINFO[ListItem.Property(Artist_Description)],Home)</onclick>
						<onclick>ActivateWindow(1112)</onclick>
					</control>
					<control type="textbox" id="4">
						<left>11</left>
						<top>15</top>
						<width>1166</width>
						<height>468</height>
						<align>justify</align>
						<label>$VAR[MusicInfoPlotVar]</label>
						<autoscroll time="3000" delay="6000" repeat="6000">Skin.HasSetting(Enable.AutoScroll)</autoscroll>
						<animation effect="fade" start="100" end="78" time="300" tween="sine" easing="inout" condition="!Control.HasFocus(9003)">Conditional</animation>
					</control>
				</control>
				<control type="panel" id="9050">
					<width>1195</width>
					<height>490</height>
					<preloaditems>2</preloaditems>
					<onup>9003</onup>
					<viewtype label="">list</viewtype>
					<scrolltime tween="quadratic" easing="out">300</scrolltime>
					<orientation>horizontal</orientation>
					<onclick>Dialog.Close(musicinformation)</onclick>
					<onclick condition="!System.AddonIsEnabled(script.embuary.helper)">ActivateWindow(Music,"musicdb://albums/$INFO[ListItem.DBID]/")</onclick>
					<onclick condition="System.AddonIsEnabled(script.embuary.helper)">RunScript(script.embuary.helper,action=goto,path='"musicdb://albums/$INFO[ListItem.DBID]/"',target=music)</onclick>
					<visible>String.IsEqual(ListItem.DBTYPE,artist)</visible>
					<itemlayout height="245" width="239">
						<control type="image">
							<left>5.25</left>
							<top>2</top>
							<width>218</width>
							<height>218</height>
							<bordersize>4</bordersize>
							<bordertexture colordiffuse="shadow" border="4">thumbs/thumbnail_focused.png</bordertexture>
							<aspectratio aligny="top">scale</aspectratio>
							<texture background="true" fallback="DefaultMusicAlbums.png">$INFO[ListItem.Icon]</texture>
						</control>
						<control type="label">
							<left>2</left>
							<top>211</top>
							<width>239</width>
							<height>43</height>
							<align>center</align>
							<font>font12</font>
							<shadowcolor>shadow</shadowcolor>
							<label>$INFO[ListItem.Year]</label>
						</control>
					</itemlayout>
					<focusedlayout height="245" width="239">
						<control type="group">
							<animation effect="zoom" start="95" end="100" time="200" tween="sine" easing="inout" center="auto">Focus</animation>
							<control type="image">
								<left>5.25</left>
								<top>2</top>
								<width>218</width>
								<height>218</height>
								<bordersize>4</bordersize>
								<bordertexture colordiffuse="$VAR[ThemeLabelColor]" border="4">thumbs/thumbnail_focused.png</bordertexture>
								<aspectratio aligny="top">scale</aspectratio>
								<texture background="true" fallback="DefaultMusicAlbums.png">$INFO[ListItem.Icon]</texture>
							</control>
							<control type="label">
								<left>2</left>
								<top>211</top>
								<width>239</width>
								<height>43</height>
								<align>center</align>
								<font>font12</font>
								<shadowcolor>shadow</shadowcolor>
								<textcolor>$VAR[ThemeLabelColor]</textcolor>
								<label>$INFO[ListItem.Year]</label>
							</control>
						</control>
						<control type="button">
							<include>HiddenObject</include>
							<onfocus>SetProperty(AlbumDBID,$INFO[Container(9050).ListItem.DBID])</onfocus>
						</control>
					</focusedlayout>
					<content target="music" sortby="year" sortorder="ascending">$VAR[ArtistInfoPathVar]</content>
				</control>
				<control type="panel" id="50">
					<width>1186</width>
					<height>492</height>
					<onleft>50</onleft>
					<onright>50</onright>
					<viewtype label="">list</viewtype>
					<pagecontrol>61</pagecontrol>
					<scrolltime tween="quadratic" easing="out">200</scrolltime>
					<orientation>horizontal</orientation>
					<visible>!String.IsEqual(ListItem.DBTYPE,artist)</visible>
					<itemlayout height="82" width="593">
						<control type="label">
							<width>593</width>
							<height>82</height>
							<font>font15</font>
							<textoffsetx>36</textoffsetx>
							<textcolor>grey</textcolor>
							<label>$INFO[ListItem.Tracknumber,,: ]$INFO[ListItem.Label]</label>
						</control>
						<control type="label">
							<width>593</width>
							<height>82</height>
							<font>font15</font>
							<textoffsetx>15</textoffsetx>
							<textcolor>grey</textcolor>
							<align>right</align>
							<label>$INFO[ListItem.Duration]</label>
						</control>
					</itemlayout>
					<focusedlayout height="82" width="593">
						<control type="image">
							<width>593</width>
							<height>82</height>
							<texture colordiffuse="$VAR[HighlightBarColor]" border="5">listselect_fo.png</texture>
							<visible>Control.HasFocus(50)</visible>
							<include>VisibleFadeAnimation</include>
						</control>
						<control type="label">
							<width>593</width>
							<height>82</height>
							<font>font15</font>
							<textoffsetx>36</textoffsetx>
							<label>$INFO[ListItem.Tracknumber,,: ]$INFO[ListItem.Label]</label>
							<animation effect="fade" start="100" end="40" time="300" tween="sine" easing="inout" condition="!Control.HasFocus(50)">Conditional</animation>
						</control>
						<control type="label">
							<width>593</width>
							<height>82</height>
							<font>font15</font>
							<textoffsetx>15</textoffsetx>
							<align>right</align>
							<label>$INFO[ListItem.Duration]</label>
							<animation effect="fade" start="100" end="40" time="300" tween="sine" easing="inout" condition="!Control.HasFocus(50)">Conditional</animation>
						</control>
					</focusedlayout>
				</control>
			</control>
			<!-- <control type="panel" id="9060">
				<left>5</left>
				<top>840</top>
				<width>1186</width>
				<height>240</height>
				<onup>9050</onup>
				<viewtype label="">list</viewtype>
				<scrolltime tween="quadratic" easing="out">200</scrolltime>
				<orientation>horizontal</orientation>
				<visible>Control.HasFocus(9050) | Control.HasFocus(9060)</visible>
				<animation effect="slide" start="0,360" end="0,0" time="300" tween="quadratic" easing="out" condition="Control.HasFocus(9050) | Control.HasFocus(9060)">Conditional</animation>
				<itemlayout height="60" width="593">
					<control type="label">
						<width>593</width>
						<height>60</height>
						<font>font14</font>
						<textoffsetx>10</textoffsetx>
						<textcolor>grey</textcolor>
						<label>$INFO[ListItem.Tracknumber,,: ]$INFO[ListItem.Label]</label>
					</control>
					<control type="label">
						<width>593</width>
						<height>60</height>
						<font>font14</font>
						<textoffsetx>20</textoffsetx>
						<textcolor>grey2</textcolor>
						<align>right</align>
						<label>$INFO[ListItem.Duration]</label>
					</control>
				</itemlayout>
				<focusedlayout height="60" width="593">
					<control type="image">
						<width>593</width>
						<height>60</height>
						<texture colordiffuse="$VAR[HighlightBarColor]" border="5">listselect_fo.png</texture>
						<visible>Control.HasFocus(9060)</visible>
						<include>VisibleFadeAnimation</include>
					</control>
					<control type="label">
						<width>593</width>
						<height>60</height>
						<font>font14</font>
						<textoffsetx>10</textoffsetx>
						<label>$INFO[ListItem.Tracknumber,,: ]$INFO[ListItem.Label]</label>
						<animation effect="fade" start="100" end="40" time="300" tween="sine" easing="inout" condition="!Control.HasFocus(9060)">Conditional</animation>
					</control>
					<control type="label">
						<width>593</width>
						<height>60</height>
						<font>font14</font>
						<textcolor>grey</textcolor>
						<textoffsetx>20</textoffsetx>
						<align>right</align>
						<label>$INFO[ListItem.Duration]</label>
						<animation effect="fade" start="100" end="40" time="300" tween="sine" easing="inout" condition="!Control.HasFocus(9060)">Conditional</animation>
					</control>
				</focusedlayout>
				<content sortby="tracknumber" sortorder="ascending">$VAR[ArtistAlbumInfoPathVar]</content>
			</control> -->
		</control>
		<control type="button" id="6">
			<description>Refresh</description>
			<include>HiddenObject</include>
		</control>
		<control type="button" id="7">
			<description>Set rating</description>
			<include>HiddenObject</include>
		</control>
		<control type="button" id="10">
			<description>Get Thumb</description>
			<include>HiddenObject</include>
		</control>
		<control type="button" id="12">
			<description>Get Fanart</description>
			<include>HiddenObject</include>
		</control>
		<control type="scrollbar" id="70">
			<include>HiddenObject</include>
		</control>
		<control type="multiimage" id="7975">
			<include>HiddenObject</include>
			<imagepath background="true">$INFO[ListItem.Icon]</imagepath>
		</control>
	</controls>
</window>