<?xml version="1.0" encoding="UTF-8"?>
<addon id="skin.aeon.nox.silvo.ae" version="10.0.5" name="Aeon Nox: SiLVO AE" provider-name="SiLVO (ae-fork)">
	<requires>
		<import addon="xbmc.gui" version="5.17.0" />
		<import addon="script.skinshortcuts" version="2.0.1" />
	</requires>
	<extension point="xbmc.gui.skin" debugging="false">
		<res width="1920" height="1080" aspect="16:9" default="true" folder="16x9" />
	</extension>
	<extension point="xbmc.addon.metadata">
		<summary lang="en_GB">Created by BigNoid, Modded by SiLVO, and Widgets by Mr. V</summary>
		<summary lang="ru_RU">Created by BigNoid, Modded by SiLVO, and Widgets by Mr. V</summary>
		<summary lang="uk_UA">Created by BigNoid, Modded by SiLVO, and Widgets by Mr. V</summary>
		<description lang="en_GB">Completely redesigned to create a modern look, while retaining the classic Aeon feel.</description>
		<description lang="ru_RU">Полностью переработан, чтобы создать современный облик, сохраняя при этом классическое чувство Aeon.</description>
		<description lang="uk_UA">Повністю перероблений, щоб створити сучасну подобу, зберігаючи при цьому класичне почуття Aeon.</description>
		<platform>all</platform>
		<license>CC BY-NC-SA 4.0</license>
		<forum>https://forum.kodi.tv/showthread.php?tid=210069</forum>
		<website>https://github.com/MikeSiLVO/skin.aeon.nox.silvo</website>
		<source>https://github.com/AlexELEC/skin.aeon.nox.silvo.ae-21</source>
		<assets>
			<icon>resources/icon.png</icon>
			<fanart>resources/fanart.jpg</fanart>
		</assets>
	</extension>
</addon>
